{
	"class_name": "PinholeCameraParameters",
	"extrinsic": [
		0.3227632569991486,
		-0.28439692366142277,
		0.90274152986512179,
		0.0,
		0.37866419565798054,
		0.91293063463533164,
		0.15222050870702408,
		0.0,
		-0.8674314421658903,
		0.29270470812108479,
		0.4023513973950561,
		0.0,
		0.012091244723792194,
		0.039820534521399262,
		0.57568925755421918,
		1.0
	],
	"intrinsic": {
		"height": 1052,
		"intrinsic_matrix": [
			911.05872478122956,
			0.0,
			0.0,
			0.0,
			911.05872478122956,
			0.0,
			959.5,
			525.5,
			1.0
		],
		"width": 1920
	},
	"version_major": 1,
	"version_minor": 0
}